{
    "EntCount": 5,
    "BackgroundTexture": "test.bmp",
    "Signature0": 15,
    "Signature1": 15,
    "Signature2": 15,
    "Signature3": 15,
    "Signature4": 14,
    "Signature5": 31,
    "Signature6": 0,
    "Signature7": 0,
    "e0sc0": "",
    "e0rbc0": 0.0,
    "e0rbc1": 0.0,
    "e0rbc2": 0.0,
    "e0rbc3": 0.0,
    "e0rbc4": 1.0,
    "e0rbc5": 1.0,
    "e0tc0": 0.0,
    "e0tc1": 0.0,
    "e0tc2": 0.5,
    "e0tc3": 0.5,
    "e0tc4": 0.0,
    "e0ccc0": 0.0,
    "e0bcc0": 0,
    "e0bcc1": 0.0,
    "e0bcc2": 0.0,
    "e0bcc3": 0.0,
    "e0bcc4": 0.0,
    "e0bcc5": 0.0,
    "e0bcc6": 0.0,
    "e0bcc7": 0.0,
    "e0bcc8": 0.0,
    "e1sc0": "",
    "e1rbc0": 0.0,
    "e1rbc1": 0.0,
    "e1rbc2": 0.0,
    "e1rbc3": 0.0,
    "e1rbc4": 1.0,
    "e1rbc5": 1.0,
    "e1tc0": 22,
    "e1tc1": -270,
    "e1tc2": -0.8899999856948853,
    "e1tc3": 0.5199999809265137,
    "e1tc4": -320,
    "e1ccc0": 0.0,
    "e1bcc0": 0,
    "e1bcc1": 0.0,
    "e1bcc2": 0.0,
    "e1bcc3": 0.0,
    "e1bcc4": 0.0,
    "e1bcc5": 0.0,
    "e1bcc6": 0.0,
    "e1bcc7": 0.0,
    "e1bcc8": 0.0,
    "e2sc0": "",
    "e2rbc0": 0.0,
    "e2rbc1": 0.0,
    "e2rbc2": 0.0,
    "e2rbc3": 0.0,
    "e2rbc4": 1.0,
    "e2rbc5": 1.0,
    "e2tc0": -313,
    "e2tc1": 90,
    "e2tc2": -0.8299999833106995,
    "e2tc3": -0.6899999976158142,
    "e2tc4": -159,
    "e2ccc0": 0.0,
    "e2bcc0": 0,
    "e2bcc1": 0.0,
    "e2bcc2": 0.0,
    "e2bcc3": 0.0,
    "e2bcc4": 0.0,
    "e2bcc5": 0.0,
    "e2bcc6": 0.0,
    "e2bcc7": 0.0,
    "e2bcc8": 0.0,
    "e3sc0": "",
    "e3rbc0": 0.0,
    "e3rbc1": 0.0,
    "e3rbc2": 0.0,
    "e3rbc3": 0.0,
    "e3rbc4": 1.0,
    "e3rbc5": 1.0,
    "e3tc0": 359,
    "e3tc1": 442,
    "e3tc2": -0.7100000381469727,
    "e3tc3": 0.48000001907348635,
    "e3tc4": -365,
    "e3ccc0": 0.0,
    "e3bcc0": 0,
    "e3bcc1": 0.0,
    "e3bcc2": 0.0,
    "e3bcc3": 0.0,
    "e3bcc4": 0.0,
    "e3bcc5": 0.0,
    "e3bcc6": 0.0,
    "e3bcc7": 0.0,
    "e3bcc8": 0.0,
    "e4sc0": "",
    "e4rbc0": 0.0,
    "e4rbc1": 0.0,
    "e4rbc2": 0.0,
    "e4rbc3": 0.0,
    "e4rbc4": 1.0,
    "e4rbc5": 1.0,
    "e4tc0": -50,
    "e4tc1": 172,
    "e4tc2": 0.06000000238418579,
    "e4tc3": 0.8500000238418579,
    "e4tc4": -288,
    "e4ccc0": 0.0,
    "e4bcc0": 0,
    "e4bcc1": 0.0,
    "e4bcc2": 0.0,
    "e4bcc3": 0.0,
    "e4bcc4": 0.0,
    "e4bcc5": 0.0,
    "e4bcc6": 0.0,
    "e4bcc7": 0.0,
    "e4bcc8": 0.0,
    "e5sc0": "",
    "e5rbc0": 0.0,
    "e5rbc1": 0.0,
    "e5rbc2": 0.0,
    "e5rbc3": 0.0,
    "e5rbc4": 1.0,
    "e5rbc5": 1.0,
    "e5tc0": 205,
    "e5tc1": -288,
    "e5tc2": 0.6899999976158142,
    "e5tc3": 0.9399999380111694,
    "e5tc4": 136,
    "e5ccc0": 0.0,
    "e5bcc0": 0,
    "e5bcc1": 0.0,
    "e5bcc2": 0.0,
    "e5bcc3": 0.0,
    "e5bcc4": 0.0,
    "e5bcc5": 0.0,
    "e5bcc6": 0.0,
    "e5bcc7": 0.0,
    "e5bcc8": 0.0,
    "e6sc0": "",
    "e6rbc0": 0.0,
    "e6rbc1": 0.0,
    "e6rbc2": 0.0,
    "e6rbc3": 0.0,
    "e6rbc4": 1.0,
    "e6rbc5": 1.0,
    "e6tc0": 0.0,
    "e6tc1": 0.0,
    "e6tc2": 0.5,
    "e6tc3": 0.5,
    "e6tc4": 0.0,
    "e6ccc0": 0.0,
    "e6bcc0": 0,
    "e6bcc1": 0.0,
    "e6bcc2": 0.0,
    "e6bcc3": 0.0,
    "e6bcc4": 0.0,
    "e6bcc5": 0.0,
    "e6bcc6": 0.0,
    "e6bcc7": 0.0,
    "e6bcc8": 0.0,
    "e7sc0": "",
    "e7rbc0": 0.0,
    "e7rbc1": 0.0,
    "e7rbc2": 0.0,
    "e7rbc3": 0.0,
    "e7rbc4": 1.0,
    "e7rbc5": 1.0,
    "e7tc0": 0.0,
    "e7tc1": 0.0,
    "e7tc2": 0.5,
    "e7tc3": 0.5,
    "e7tc4": 0.0,
    "e7ccc0": 0.0,
    "e7bcc0": 0,
    "e7bcc1": 0.0,
    "e7bcc2": 0.0,
    "e7bcc3": 0.0,
    "e7bcc4": 0.0,
    "e7bcc5": 0.0,
    "e7bcc6": 0.0,
    "e7bcc7": 0.0,
    "e7bcc8": 0.0
}