{
    "MaxEntityCount": 7,
    "EntityCount": 7,
    "CameraMinX": 0.0,
    "CameraMinY": 0.0,
    "CameraMaxX": 0.0,
    "CameraMaxY": 0.0,
    "CameraZoom": 0.8600000143051148,
    "Tileset": "",
    "StartPosX": 0,
    "StartPosY": 0,
    "Signature0": 8214,
    "Signature1": 512,
    "Signature2": 8214,
    "Signature3": 8214,
    "Signature4": 8503,
    "Signature5": 8215,
    "Signature6": 32773,
    "Entity0": "Name{Game Object 0}|Tag{Ground}||Rigidbody{0;0;0;0;1;1;1;1;0.5;0.1;0.01;}|Transform{-33.3574;-467.267;1988.23;121;0;8}||BoxCollider{0;0;0;0;0;AWAKE}|||||||||Collider{BOX;00000000000000000000000000000001;00000000000000000000000000000111;}||||||",
    "Entity1": "Name{Camera 0}|Tag{}||||||||||Camera{0;0;0;0;1;}||||||||||",
    "Entity2": "Name{Game Object 2}|Tag{}||Rigidbody{0;0;0;0;1;1;1;1;0.5;0.1;0.01;}|Transform{-813.091;-4.3869e-05;963.847;791.999;0;6}||BoxCollider{0;0;0;0;0;AWAKE}|||||||||Collider{BOX;00000000000000000000000000000001;00000000000000000000000000000111;}||||||",
    "Entity3": "Name{Game Object 3}|Tag{}||Rigidbody{0;0;0;0;1;1;1;1;0.5;0.1;0.01;}|Transform{861.042;11.9729;100;837.5;0;1}||BoxCollider{0;0;0;0;0;AWAKE}|||||||||Collider{BOX;00000000000000000000000000000001;00000000000000000000000000000111;}||||||",
    "Entity4": "Name{Game Object 4}|Tag{Player}|Sprite{Resources\\Assets\\ExaIdle.png;1;1;1;1}|Rigidbody{0;0;0;0;1;1;0;1;0.5;0.1;0.01;}|Transform{-223;49.995;100;100;0;1}||BoxCollider{0;0;0;0;0;AWAKE}|PlayerController{1;0.1;5000;}|||Animation{8;0;0.1;1;}|||||Collider{BOX;00000000000000000000000000000010;00000000000000000000000000000101;}||||||",
    "Entity5": "Name{Game Object 6}|Tag{player}|Sprite{Resources\\Assets\\DarkFog.png;1;1;1;1}|Rigidbody{0;0;0;0;1;1;0;1;0.5;0.1;0.01;}|Transform{237;-49.995;100;100;0;2}||BoxCollider{0;0;0;0;0;AWAKE}|||||||||Collider{BOX;00000000000000000000000000000100;00000000000000000000000000000011;}||||||",
    "Entity6": "Name{Game Object 6}|Tag{}|Sprite{Resources\\Assets\\Bg.png;1;1;1;1}||Transform{2.08992;-4.26209;2301.97;1712.53;0;0}|||||||||||||Background{1.2;}||||",
    "EntityParent0": 65536,
    "EntityParent1": 65536,
    "EntityParent2": 65536,
    "EntityParent3": 65536,
    "EntityParent4": 65536,
    "EntityParent5": 65536,
    "EntityParent6": 65536
}