{
    "MaxEntityCount": 46,
    "EntityCount": 44,
    "CameraMinX": -3270.0,
    "CameraMinY": -869.0,
    "CameraMaxX": 2357.0,
    "CameraMaxY": 1080.0,
    "CameraZoom": 0.8600000143051148,
    "Signature0": 5,
    "Signature1": 8215,
    "Signature2": 5,
    "Signature3": 74295,
    "Signature4": 4,
    "Signature5": 8215,
    "Signature6": 8215,
    "Signature7": 8215,
    "Signature8": 8215,
    "Signature9": 8215,
    "Signature10": 8215,
    "Signature11": 8215,
    "Signature12": 8215,
    "Signature13": 8215,
    "Signature14": 8215,
    "Signature15": 8215,
    "Signature16": 8215,
    "Signature17": 8215,
    "Signature18": 8215,
    "Signature19": 8215,
    "Signature20": 8215,
    "Signature21": 8215,
    "Signature22": 8215,
    "Signature23": 8215,
    "Signature24": 8215,
    "Signature25": 8215,
    "Signature26": 8215,
    "Signature27": 8215,
    "Signature28": 8215,
    "Signature29": 8215,
    "Signature30": 8215,
    "Signature31": 8215,
    "Signature32": 8215,
    "Signature33": 8215,
    "Signature34": 8215,
    "Signature35": 8215,
    "Signature36": 8215,
    "Signature37": 8215,
    "Signature38": 8215,
    "Signature39": 8215,
    "Signature40": 8215,
    "Signature41": 8215,
    "Signature42": 8215,
    "Signature43": 8215,
    "Signature44": 8215,
    "Signature45": 8215,
    "Entity0": "Name{Game Object 0}|Tag{}|Sprite{Resources\\Assets\\Alpha_Levels_Updated.png;1;1;1;1}||Transform{0;0;7680;3240;0;-1}||||||||||||||||",
    "Entity1": "Name{Game Object 1}|Tag{Ground}|Sprite{Resources\\Assets\\tile.png;1e-06;9.70588e-07;9.70588e-07;1}|Rigidbody{0;0;0;0;1;1;1;1;0.5;0.1;0.01;}|Transform{-4333.16;-713.206;1928.9;775.054;0;0}||BoxCollider{0;0;0;0;0;AWAKE}|||||||||Collider{BOX}|||||",
    "Entity2": "Name{Game Object 4}|Tag{}|Sprite{Resources/Assets/;1;1;1;1}||Transform{-128.019;0;100;100;0;0}||||||||||||||||",
    "Entity3": "Name{Player}|Tag{Player}|Sprite{Resources\\Assets\\ExaElaBall.png;1;1;1;1}|Rigidbody{0;0;0;0;1;1;0;1;0.5;0.1;0.01;}|Transform{462.707;99.9727;60;60;0;-1}||BoxCollider{0;0;-2;-7;3;AWAKE}|PlayerController{0;0.2;3000;}||||Camera{0;0;1;}||||Collider{BOX}|||Particle Emitter{0;0;0;0;20;20;0;0;0.1;0;0;0.5;0;1;1;Resources/Assets/Light.png;-2;}||",
    "Entity4": "Name{Game Object 8}|Tag{}|||Transform{-794.686;157.194;100;100;0;0}||||||||||||||||",
    "Entity5": "Name{Game Object 20}|Tag{Ground}|Sprite{Resources\\Assets\\tile.png;1e-06;9.9999e-07;9.9999e-07;1}|Rigidbody{0;0;0;0;1;1;1;1;0.5;0.1;0.01;}|Transform{-1197.05;765.534;1967.84;767.518;0;0}||BoxCollider{0;0;0;0;0;AWAKE}|||||||||Collider{BOX}|||||",
    "Entity6": "Name{Game Object 8}|Tag{Ground}|Sprite{Resources\\Assets\\tile.png;1e-06;9.9999e-07;9.9999e-07;1}|Rigidbody{0;0;0;0;1;1;1;1;0.5;0.1;0.01;}|Transform{-3040.99;677.76;177.993;109.715;0;0}||BoxCollider{0;0;0;0;0;AWAKE}|||||||||Collider{BOX}|||||",
    "Entity7": "Name{Game Object 9}|Tag{}|Sprite{Resources\\Assets\\tile.png;1e-06;9.9999e-07;9.9999e-07;1}|Rigidbody{0;0;0;0;1;1;1;1;0.5;0.1;0.01;}|Transform{-2383.95;1551.39;1967.84;804.883;0;0}||BoxCollider{0;0;0;0;0;AWAKE}|||||||||Collider{BOX}|||||",
    "Entity8": "Name{Game Object 10}|Tag{Ground}|Sprite{Resources\\Assets\\tile.png;1e-06;9.9999e-07;9.9999e-07;1}|Rigidbody{0;0;0;0;1;1;1;1;0.5;0.1;0.01;}|Transform{-2864.76;674.48;177.993;236.329;0;0}||BoxCollider{0;0;0;0;0;AWAKE}|||||||||Collider{BOX}|||||",
    "Entity9": "Name{Game Object 11}|Tag{Ground}|Sprite{Resources\\Assets\\tile.png;1e-06;9.9999e-07;9.9999e-07;1}|Rigidbody{0;0;0;0;1;1;1;1;0.5;0.1;0.01;}|Transform{-3351.5;-386.385;210.257;119.463;0;0}||BoxCollider{0;0;0;0;0;AWAKE}|||||||||Collider{BOX}|||||",
    "Entity10": "Name{Game Object 12}|Tag{}|Sprite{Resources\\Assets\\tile.png;1e-06;9.9999e-07;9.9999e-07;1}|Rigidbody{0;0;0;0;1;1;1;1;0.5;0.1;0.01;}|Transform{-1432.3;172.394;1384.39;420.488;0;0}||BoxCollider{0;0;0;0;0;AWAKE}|||||||||Collider{BOX}|||||",
    "Entity11": "Name{Game Object 13}|Tag{Ground}|Sprite{Resources\\Assets\\tile.png;1e-06;9.9999e-07;9.9999e-07;1}|Rigidbody{0;0;0;0;1;1;1;1;0.5;0.1;0.01;}|Transform{2694.48;258.568;321.639;125.229;0;0}||BoxCollider{0;0;0;0;0;AWAKE}|||||||||Collider{BOX}|||||",
    "Entity12": "Name{Game Object 14}|Tag{Ground}|Sprite{Resources\\Assets\\tile.png;1e-06;9.9999e-07;9.9999e-07;1}|Rigidbody{0;0;0;0;1;1;1;1;0.5;0.1;0.01;}|Transform{-2531.83;59.4285;340.073;300.734;0;0}||BoxCollider{0;0;0;0;0;AWAKE}|||||||||Collider{BOX}|||||",
    "Entity13": "Name{Game Object 15}|Tag{Ground}|Sprite{Resources\\Assets\\tile.png;1e-06;9.9999e-07;9.9999e-07;1}|Rigidbody{0;0;0;0;1;1;1;1;0.5;0.1;0.01;}|Transform{2659.18;1268.89;120.714;1296.92;0;0}||BoxCollider{0;0;0;0;0;AWAKE}|||||||||Collider{BOX}|||||",
    "Entity14": "Name{Game Object 16}|Tag{}|Sprite{Resources\\Assets\\tile.png;1e-06;9.9999e-07;9.9999e-07;1}|Rigidbody{0;0;0;0;1;1;1;1;0.5;0.1;0.01;}|Transform{-3898.55;-209.376;824.389;399.733;0;0}||BoxCollider{0;0;0;0;0;AWAKE}|||||||||Collider{BOX}|||||",
    "Entity15": "Name{Game Object 17}|Tag{Ground}|Sprite{Resources\\Assets\\tile.png;1e-06;9.70588e-07;9.70588e-07;1}|Rigidbody{0;0;0;0;1;1;1;1;0.5;0.1;0.01;}|Transform{-2376.04;-1132.66;2162.69;790.854;0;0}||BoxCollider{0;0;0;0;0;AWAKE}|||||||||Collider{BOX}|||||",
    "Entity16": "Name{Game Object 18}|Tag{Ground}|Sprite{Resources\\Assets\\tile.png;1e-06;9.70588e-07;9.70588e-07;1}|Rigidbody{0;0;0;0;1;1;1;1;0.5;0.1;0.01;}|Transform{-3505.9;294.604;1928.9;775.054;0;0}||BoxCollider{0;0;0;0;0;AWAKE}|||||||||Collider{BOX}|||||",
    "Entity17": "Name{Game Object 18}|Tag{Ground}|Sprite{Resources\\Assets\\tile.png;1e-06;9.9999e-07;9.9999e-07;1}|Rigidbody{0;0;0;0;1;1;1;1;0.5;0.1;0.01;}|Transform{-2231.12;-383.343;259.012;117.329;0;0}||BoxCollider{0;0;0;0;0;AWAKE}|||||||||Collider{BOX}|||||",
    "Entity18": "Name{Game Object 19}|Tag{}|Sprite{Resources\\Assets\\tile.png;1e-06;9.9999e-07;9.9999e-07;1}|Rigidbody{0;0;0;0;1;1;1;1;0.5;0.1;0.01;}|Transform{-2038.71;-231.406;177.073;426.587;0;0}||BoxCollider{0;0;0;0;0;AWAKE}|||||||||Collider{BOX}|||||",
    "Entity19": "Name{Game Object 20}|Tag{Ground}|Sprite{Resources\\Assets\\tile.png;1e-06;9.9999e-07;9.9999e-07;1}|Rigidbody{0;0;0;0;1;1;1;1;0.5;0.1;0.01;}|Transform{-2254.93;437.924;214.012;120.329;0;0}||BoxCollider{0;0;0;0;0;AWAKE}|||||||||Collider{BOX}|||||",
    "Entity20": "Name{Game Object 21}|Tag{Ground}|Sprite{Resources\\Assets\\tile.png;1e-06;9.9999e-07;9.9999e-07;1}|Rigidbody{0;0;0;0;1;1;1;1;0.5;0.1;0.01;}|Transform{-2804.61;-687.178;169.103;120.329;0;0}||BoxCollider{0;0;0;11;0;AWAKE}|||||||||Collider{BOX}|||||",
    "Entity21": "Name{Game Object 22}|Tag{Ground}|Sprite{Resources\\Assets\\tile.png;1e-06;9.9999e-07;9.9999e-07;1}|Rigidbody{0;0;0;0;1;1;1;1;0.5;0.1;0.01;}|Transform{-2859.39;-736.065;181.865;106.738;0;0}||BoxCollider{0;0;0;0;0;AWAKE}|||||||||Collider{BOX}|||||",
    "Entity22": "Name{Game Object 23}|Tag{Ground}|Sprite{Resources\\Assets\\tile.png;1e-06;9.9999e-07;9.9999e-07;1}|Rigidbody{0;0;0;0;1;1;1;1;0.5;0.1;0.01;}|Transform{445.21;-606.286;532.125;315.978;0;0}||BoxCollider{0;0;0;0;0;AWAKE}|||||||||Collider{BOX}|||||",
    "Entity23": "Name{Game Object 24}|Tag{Ground}|Sprite{Resources\\Assets\\tile.png;1e-06;9.9999e-07;9.9999e-07;1}|Rigidbody{0;0;0;0;1;1;1;1;0.5;0.1;0.01;}|Transform{3291.28;626.862;566.625;669.308;0;0}||BoxCollider{0;0;0;0;0;AWAKE}|||||||||Collider{BOX}|||||",
    "Entity24": "Name{Game Object 25}|Tag{}|Sprite{Resources\\Assets\\tile.png;1e-06;9.9999e-07;9.9999e-07;1}|Rigidbody{0;0;0;0;1;1;1;1;0.5;0.1;0.01;}|Transform{-529.158;-303.641;694.334;403.441;0;0}||BoxCollider{0;0;0;0;0;AWAKE}|||||||||Collider{BOX}|||||",
    "Entity25": "Name{Game Object 26}|Tag{Ground}|Sprite{Resources\\Assets\\tile.png;1e-06;9.9999e-07;9.9999e-07;1}|Rigidbody{0;0;0;0;1;1;1;1;0.5;0.1;0.01;}|Transform{-893.207;-1300.12;818.813;403.441;0;0}||BoxCollider{0;0;0;0;0;AWAKE}|||||||||Collider{BOX}|||||",