{
    "MaxEntityCount": 1,
    "EntityCount": 1,
    "CameraMinX": -1490.0,
    "CameraMinY": -400.0,
    "CameraMaxX": 1360.0,
    "CameraMaxY": 650.0,
    "CameraZoom": 0.7200000286102295,
    "Tileset": "Resources\\Assets\\Tileset-Coral.png;-1525,1525;0.4,0.6,0.8,1;0;0.5,1,1,1;|Resources\\Assets\\Tileset-Coral.png;-1525,732;0.4,0.6,0.8,1;0;0.5,1,1,1;|Resources\\Assets\\Tileset-Coral.png;-1403,488;0,0.2,0.8,1;0;0.5,1,1,1;|Resources\\Assets\\Tileset-Coral.png;-1220,488;0.6,0.8,0.2,0.4;0;0.5,1,1,1;|Resources\\Assets\\Tileset-Coral.png;-1342,488;0.4,0.6,0.8,1;0;0.5,1,1,1;|Resources\\Assets\\Tileset-Coral.png;-1281,488;0.4,0.6,0.8,1;0;0.5,1,1,1;|Resources\\Assets\\Tileset-Coral.png;-1220,610;0,0.2,0.8,1;0;0.5,1,1,1;|Resources\\Assets\\Tileset-Coral.png;-1220,549;0,0.2,0.2,0.4;0;0.5,1,1,1;|Resources\\Assets\\Tileset-Coral.png;-1159,610;0.2,0.4,0.8,1;0;0.5,1,1,1;|Resources\\Assets\\Tileset-Coral.png;-1098,610;0.2,0.4,0.8,1;0;0.5,1,1,1;|Resources\\Assets\\Tileset-Coral.png;-1037,610;0.2,0.4,0.8,1;0;0.5,1,1,1;|Resources\\Assets\\Tileset-Coral.png;-976,610;0.2,0.4,0.8,1;0;0.5,1,1,1;|Resources\\Assets\\Tileset-Coral.png;-915,610;0.2,0.4,0.8,1;0;0.5,1,1,1;|Resources\\Assets\\Tileset-Coral.png;-854,610;0.2,0.4,0.8,1;0;0.5,1,1,1;|Resources\\Assets\\Tileset-Coral.png;-793,610;0.2,0.4,0.8,1;0;0.5,1,1,1;|Resources\\Assets\\Tileset-Coral.png;-732,610;0.2,0.4,0.8,1;0;0.5,1,1,1;|Resources\\Assets\\Tileset-Coral.png;-671,610;0.2,0.4,0.8,1;0;0.5,1,1,1;|Resources\\Assets\\Tileset-Coral.png;-610,610;0.2,0.4,0.8,1;0;0.5,1,1,1;|Resources\\Assets\\Tileset-Coral.png;-549,610;0.2,0.4,0.8,1;0;0.5,1,1,1;|Resources\\Assets\\Tileset-Coral.png;-488,610;0.6,0.8,0.2,0.4;0;0.5,1,1,1;|Resources\\Assets\\Tileset-Coral.png;-1403,427;0.6,0.8,0.2,0.4;0;0.5,1,1,1;|Resources\\Assets\\Tileset-Coral.png;-1464,427;0.6,0.8,0.8,1;0;0.5,1,1,1;|Resources\\Assets\\Tileset-Coral.png;-1525,427;0.4,0.6,0.8,1;0;0.5,1,1,1;|Resources\\Assets\\Tileset-Coral.png;-1586,427;0,0.2,0.8,1;0;0.5,1,1,1;|Resources\\Assets\\Tileset-Coral.png;-1586,366;0,0.2,0.6,0.8;0;0.5,1,1,1;|Resources\\Assets\\Tileset-Coral.png;-1586,305;0,0.2,0.6,0.8;0;0.5,1,1,1;|Resources\\Assets\\Tileset-Coral.png;-1525,305;0.2,0.4,2.98023e-08,0.2;0;0.5,1,1,1;|Resources\\Assets\\Tileset-Coral.png;-1464,305;0.2,0.4,2.98023e-08,0.2;0;0.5,1,1,1;|Resources\\Assets\\Tileset-Coral.png;-1403,305;0.2,0.4,2.98023e-08,0.2;0;0.5,1,1,1;|Resources\\Assets\\Tileset-Coral.png;-1342,305;0.6,0.8,0.6,0.8;0;0.5,1,1,1;|Resources\\Assets\\Tileset-Coral.png;-1342,244;0.6,0.8,0.4,0.6;0;0.5,1,1,1;|Resources\\Assets\\Tileset-Coral.png;-1342,183;0.6,0.8,0.4,0.6;0;0.5,1,1,1;|Resources\\Assets\\Tileset-Coral.png;-1342,122;0.6,0.8,0.4,0.6;0;0.5,1,1,1;|Resources\\Assets\\Tileset-Coral.png;-1342,61;0.6,0.8,0.4,0.6;0;0.5,1,1,1;|Resources\\Assets\\Tileset-Coral.png;-1342,-0;0.6,0.8,0.2,0.4;0;0.5,1,1,1;|Resources\\Assets\\Tileset-Coral.png;-1586,0;0,0.2,0.8,1;0;0.5,1,1,1;|Resources\\Assets\\Tileset-Coral.png;-1525,0;0.2,0.4,0.8,1;0;0.5,1,1,1;|Resources\\Assets\\Tileset-Coral.png;-1464,0;0.4,0.6,0.8,1;0;0.5,1,1,1;|Resources\\Assets\\Tileset-Coral.png;-1403,0;0.6,0.8,0.8,1;0;0.5,1,1,1;|Resources\\Assets\\Tileset-Coral.png;-1586,-61;0,0.2,0.6,0.8;0;0.5,1,1,1;|Resources\\Assets\\Tileset-Coral.png;-1586,-122;0,0.2,2.98023e-08,0.2;0;0.5,1,1,1;|Resources\\Assets\\Tileset-Coral.png;-1525,-122;0.2,0.4,2.98023e-08,0.2;0;0.5,1,1,1;|Resources\\Assets\\Tileset-Coral.png;-1464,-122;0.2,0.4,2.98023e-08,0.2;0;0.5,1,1,1;|Resources\\Assets\\Tileset-Coral.png;-1403,-122;0.2,0.4,2.98023e-08,0.2;0;0.5,1,1,1;|Resources\\Assets\\Tileset-Coral.png;-1342,-122;0.2,0.4,2.98023e-08,0.2;0;0.5,1,1,1;|",
    "StartPosX": 0,
    "StartPosY": 0,
    "Signature0": 5,
    "Entity0": "Name{Game Object 0}|Tag{}|Sprite{Resources\\Assets\\coral level.png;1;1;1;1;}||Transform{-3;7;7680;3240;0;0}|||||||||||||||||||||",
    "EntityParent0": 65535
}