{
    "MaxEntityCount": 1,
    "EntityCount": 1,
    "CameraMinX": 0.0,
    "CameraMinY": 0.0,
    "CameraMaxX": 0.0,
    "CameraMaxY": 0.0,
    "CameraZoom": 0.8600000143051148,
    "Tileset": "Resources\\Assets\\Tileset-Tutorial.png|-4148,1830;0.2,0.4;0.8,1;|-3050,1159;0.4,0.6;0.6,0.8;|-3904,1098;0,0.2;2.98023e-08,0.2;|-2684,1037;0,0.2;2.98023e-08,0.2;|-2989,976;0,0.2;2.98023e-08,0.2;|-1952,793;0,0.2;0.2,0.4;|-427,671;0,0.2;2.98023e-08,0.2;|-3660,732;0.8,1;0.2,0.4;|-2989,1037;0,0.2;0.4,0.6;|-3660,1037;0.8,1;0.4,0.6;|-3660,915;0.8,1;0.4,0.6;|-3660,671;0.8,1;0.2,0.4;|-3660,1281;0.8,1;0.4,0.6;|-3660,1220;0.8,1;0.4,0.6;|-3660,1159;0.8,1;0.4,0.6;|-3660,1098;0.8,1;0.4,0.6;|-3660,976;0.8,1;0.4,0.6;|-3660,1525;0.8,1;0.4,0.6;|-3660,1464;0.8,1;0.4,0.6;|-3660,1403;0.8,1;0.4,0.6;|-3660,1342;0.8,1;0.4,0.6;|-3660,1586;0.8,1;0.4,0.6;|-3660,610;0.2,0.4;0.2,0.4;|-3599,610;0.2,0.4;0.8,1;|-3538,610;0.2,0.4;0.8,1;|-3477,610;0.2,0.4;0.8,1;|-3416,610;0.2,0.4;0.8,1;|-3355,610;0.4,0.6;0.8,1;|-3294,610;0.2,0.4;0.8,1;|-3233,610;0.2,0.4;0.8,1;|-3172,610;0.2,0.4;0.8,1;|-3111,610;0.2,0.4;0.8,1;|-3050,610;0.2,0.4;0.8,1;|-2989,610;0.2,0.4;0.8,1;|-2928,610;0.2,0.4;0.8,1;|-2867,610;0.6,0.8;0.2,0.4;|-2806,671;0.4,0.6;0.8,1;|-2867,671;0,0.2;0.8,1;|-2745,671;0.4,0.6;0.8,1;|-2684,671;0.6,0.8;0.2,0.4;|-3660,793;0.8,1;0.6,0.8;|-2379,610;0.6,0.8;0.8,1;|-3660,854;0.8,1;0.6,0.8;|-2623,732;0.4,0.6;0.8,1;|-2684,732;0,0.2;0.8,1;|-2562,732;0.8,1;0.8,1;|-2562,671;0.8,1;0.2,0.4;|-2562,610;0.2,0.4;0.2,0.4;|-2501,610;0.4,0.6;0.8,1;|-2440,610;0.4,0.6;0.8,1;|-2318,610;0.8,1;0.8,1;|-2318,549;0.2,0.4;0.2,0.4;|-2257,549;0.2,0.4;0.8,1;|-2196,549;0.8,1;0.8,1;|-2318,488;0.2,0.4;0.6,0.8;|-2196,488;0.8,1;2.98023e-08,0.2;|-2257,488;0.4,0.6;2.98023e-08,0.2;|-2318,427;0.8,1;0.4,0.6;|-2318,366;0.8,1;0.4,0.6;|-2318,305;0.8,1;0.4,0.6;|-2135,305;0,0.2;0.8,1;|-2074,305;0.2,0.4;0.8,1;|-2013,305;0.6,0.8;0.8,1;|-1952,305;0.6,0.8;0.2,0.4;|-2135,244;0,0.2;2.98023e-08,0.2;|-2074,244;0.2,0.4;2.98023e-08,0.2;|-2013,244;0.6,0.8;2.98023e-08,0.2;|-1952,244;0.6,0.8;0.6,0.8;|-2318,244;0.8,1;0.6,0.8;|-2318,183;0.8,1;0.6,0.8;|-2318,122;0.8,1;0.6,0.8;|-2318,61;0.2,0.4;0.2,0.4;|-2257,61;0.8,1;0.8,1;|-2257,0;0.8,1;0.6,0.8;|-2257,-61;0.8,1;0.6,0.8;|-2257,-122;0.8,1;0.6,0.8;|-2257,-183;0.8,1;0.6,0.8;|-2257,-244;0.8,1;0.6,0.8;|-2013,-61;0,0.2;0.8,1;|-2013,-122;0,0.2;2.98023e-08,0.2;|-1952,-122;0.6,0.8;0.6,0.8;|-1952,-183;0,0.2;2.98023e-08,0.2;|-1891,-183;0.6,0.8;0.6,0.8;|-1891,-244;0,0.2;2.98023e-08,0.2;|-2135,-427;0.2,0.4;0.8,1;|-2074,-427;0.8,1;0.8,1;|-2196,-427;0.2,0.4;0.2,0.4;|-2196,-305;0.8,1;0.8,1;|-2196,-366;0.8,1;0.6,0.8;|-2257,-305;0.2,0.4;0.2,0.4;|-1952,122;0,0.2;0.6,0.8;|-1952,61;0,0.2;0.6,0.8;|-1952,-0;0,0.2;0.6,0.8;|-1952,-61;0.6,0.8;0.2,0.4;|-1952,183;0,0.2;0.6,0.8;|-2928,976;0.2,0.4;2.98023e-08,0.2;|-2867,976;0.4,0.6;2.98023e-08,0.2;|-2806,976;0.2,0.4;2.98023e-08,0.2;|-2745,976;0.2,0.4;2.98023e-08,0.2;|-2684,976;0.2,0.4;2.98023e-08,0.2;|-2623,976;0.2,0.4;2.98023e-08,0.2;|-2562,976;0.6,0.8;2.98023e-08,0.2;|-2501,976;0.4,0.6;2.98023e-08,0.2;|-2989,1098;0,0.2;0.4,0.6;|-2989,1159;0.6,0.8;0.6,0.8;|-3111,1159;0,0.2;2.98023e-08,0.2;|-3111,1220;0,0.2;0.4,0.6;|-3111,1525;0,0.2;0.2,0.4;|-3111,1464;0,0.2;0.2,0.4;|-3111,1403;0,0.2;0.6,0.8;|-3111,1281;0,0.2;0.6,0.8;|-3111,1342;0,0.2;0.2,0.4;|-3111,1586;0,0.2;0.2,0.4;|-1952,915;0,0.2;0.4,0.6;|-2440,976;0.4,0.6;2.98023e-08,0.2;|-2379,976;0.4,0.6;2.98023e-08,0.2;|-2257,976;0.6,0.8;2.98023e-08,0.2;|-2196,976;0.6,0.8;2.98023e-08,0.2;|-2135,976;0.4,0.6;2.98023e-08,0.2;|-2074,976;0.4,0.6;2.98023e-08,0.2;|-2013,976;0.4,0.6;2.98023e-08,0.2;|-2318,976;0.6,0.8;2.98023e-08,0.2;|-1952,976;0.6,0.8;0.6,0.8;|-1952,854;0,0.2;0.4,0.6;|-1952,732;0,0.2;0.6,0.8;|-1952,671;0,0.2;0.6,0.8;|-1952,610;0,0.2;0.6,0.8;|-1952,549;0,0.2;0.2,0.4;|-1952,488;0,0.2;0.2,0.4;|-1952,427;0,0.2;0.2,0.4;|-1952,366;0,0.2;0.4,0.6;|-1830,-244;0.6,0.8;2.98023e-08,0.2;|-1769,-244;0.4,0.6;2.98023e-08,0.2;|-1708,-244;0.2,0.4;2.98023e-08,0.2;|-1647,-244;0.8,1;2.98023e-08,0.2;|-1769,-0;0.8,1;0.4,0.6;|-1769,-61;0.8,1;0.4,0.6;|-1769,-122;0.8,1;0.4,0.6;|-1769,-183;0.2,0.4;0.2,0.4;|-1708,-183;0.4,0.6;0.8,1;|-1647,-183;0.8,1;0.8,1;|-1769,61;0.2,0.4;0.6,0.8;|-1708,61;0.4,0.6;2.98023e-08,0.2;|-1647,61;0.2,0.4;2.98023e-08,0.2;|-1586,61;0.6,0.8;2.98023e-08,0.2;|-1525,61;0.2,0.4;2.98023e-08,0.2;|-1464,61;0.4,0.6;2.98023e-08,0.2;|-1403,61;0.6,0.8;2.98023e-08,0.2;|-1342,61;0.4,0.6;2.98023e-08,0.2;|-1281,61;0.2,0.4;2.98023e-08,0.2;|-1220,61;0.4,0.6;2.98023e-08,0.2;|-1159,61;0.2,0.4;2.98023e-08,0.2;|-1098,61;0.2,0.4;2.98023e-08,0.2;|-1037,61;0.6,0.8;0.6,0.8;|-1037,-61;0,0.2;0.6,0.8;|-976,-244;0,0.2;0.4,0.6;|-976,-305;0,0.2;0.6,0.8;|-976,-366;0,0.2;0.4,0.6;|-1037,-0;0,0.2;0.4,0.6;|-1037,-122;0,0.2;2.98023e-08,0.2;|-976,-122;0.6,0.8;0.6,0.8;|-976,-183;0,0.2;0.2,0.4;|-976,-427;0,0.2;2.98023e-08,0.2;|-915,-427;0.4,0.6;2.98023e-08,0.2;|-854,-427;0.8,1;2.98023e-08,0.2;|-1464,-183;0,0.2;0.8,1;|-1464,-244;0,0.2;0.6,0.8;|-1464,-305;0,0.2;0.4,0.6;|-1464,-366;0,0.2;0.6,0.8;|-1464,-427;0,0.2;0.2,0.4;|-1464,-488;0,0.2;0.4,0.6;|-2074,-549;0.2,0.4;0.2,0.4;|-2013,-549;0.2,0.4;0.8,1;|-1952,-549;0.6,0.8;0.8,1;|-1891,-549;0.6,0.8;0.8,1;|-1830,-549;0.2,0.4;0.8,1;|-1769,-549;0.6,0.8;0.8,1;|-1708,-549;0.4,0.6;0.8,1;|-1647,-549;0.2,0.4;0.8,1;|-1586,-549;0.4,0.6;0.8,1;|-1525,-549;0.6,0.8;0.8,1;|-1464,-549;0.6,0.8;0.2,0.4;|-2074,-488;0.8,1;0.4,0.6;|-1403,-183;0.4,0.6;0.8,1;|-1342,-183;0.8,1;0.8,1;|-1342,-244;0.8,1;0.4,0.6;|-1342,-305;0.2,0.4;0.2,0.4;|-1281,-305;0.4,0.6;0.8,1;|-1220,-305;0.8,1;0.8,1;|-1220,-366;0.8,1;0.6,0.8;|-1220,-427;0.8,1;0.4,0.6;|-1220,-488;0.8,1;0.4,0.6;|-1220,-549;0.8,1;0.4,0.6;|-1220,-610;0.8,1;0.6,0.8;|-1220,-671;0.2,0.4;0.2,0.4;|-1159,-671;0.4,0.6;0.8,1;|-1098,-671;0.4,0.6;0.8,1;|-1037,-671;0.6,0.8;0.8,1;|-976,-671;0.4,0.6;0.8,1;|-915,-671;0.2,0.4;0.8,1;|-854,-671;0.6,0.8;0.8,1;|-793,-671;0.6,0.8;0.8,1;|-732,-671;0.4,0.6;0.8,1;|-671,-671;0.6,0.8;0.8,1;|-610,-61;0,0.2;0.8,1;|-610,-122;0,0.2;0.2,0.4;|-610,-183;0,0.2;0.2,0.4;|-610,-244;0,0.2;0.4,0.6;|-610,-305;0,0.2;0.6,0.8;|-610,-366;0,0.2;0.2,0.4;|-610,-427;0,0.2;0.4,0.6;|-610,-488;0,0.2;0.2,0.4;|-610,-549;0,0.2;0.4,0.6;|-610,-610;0,0.2;0.2,0.4;|-610,-671;0.6,0.8;0.2,0.4;|-549,-61;0.2,0.4;0.8,1;|-488,-61;0.4,0.6;0.8,1;|-427,-61;0.6,0.8;0.8,1;|-366,-61;0.2,0.4;0.8,1;|-305,-61;0.4,0.6;0.8,1;|-244,-61;0.8,1;0.8,1;|-244,-122;0.8,1;0.6,0.8;|-244,-183;0.8,1;0.4,0.6;|-244,-244;0.8,1;0.2,0.4;|-244,-305;0.8,1;0.6,0.8;|-244,-366;0.8,1;0.6,0.8;|-244,-427;0.8,1;0.4,0.6;|-244,-488;0.8,1;0.6,0.8;|-244,-549;0.8,1;0.2,0.4;|-244,-610;0.4,0.6;0.4,0.6;|-183,-610;0.4,0.6;0.4,0.6;|-854,61;0.8,1;0.2,0.4;|-854,-0;0.8,1;0.4,0.6;|-854,-61;0.8,1;0.6,0.8;|-854,-122;0.8,1;0.2,0.4;|-854,-183;0.8,1;0.6,0.8;|-854,-244;0.8,1;0.4,0.6;|-854,-305;0.8,1;0.2,0.4;|-854,-366;0.8,1;0.2,0.4;|-854,122;0.8,1;0.6,0.8;|-244,732;0.8,1;0.2,0.4;|-244,671;0.8,1;0.4,0.6;|-244,610;0.8,1;0.4,0.6;|-244,549;0.8,1;0.4,0.6;|-244,488;0.8,1;0.4,0.6;|-244,427;0.8,1;0.2,0.4;|-244,366;0.8,1;0.4,0.6;|-244,305;0.8,1;0.4,0.6;|-488,244;0.2,0.4;0.6,0.8;|-427,244;0.4,0.6;2.98023e-08,0.2;|-366,244;0.6,0.8;2.98023e-08,0.2;|-305,244;0.2,0.4;2.98023e-08,0.2;|-244,244;0.8,1;2.98023e-08,0.2;|-854,183;0.2,0.4;0.6,0.8;|-793,183;0.2,0.4;2.98023e-08,0.2;|-732,183;0.4,0.6;2.98023e-08,0.2;|-671,183;0.6,0.8;2.98023e-08,0.2;|-610,183;0.2,0.4;2.98023e-08,0.2;|-549,183;0.4,0.6;2.98023e-08,0.2;|-488,183;0.8,1;2.98023e-08,0.2;|-244,793;0.2,0.4;0.6,0.8;|-183,793;0.2,0.4;2.98023e-08,0.2;|-122,793;0.4,0.6;2.98023e-08,0.2;|-61,793;0.6,0.8;2.98023e-08,0.2;|-0,793;0.4,0.6;2.98023e-08,0.2;|61,793;0.2,0.4;2.98023e-08,0.2;|122,793;0.4,0.6;2.98023e-08,0.2;|183,793;0.4,0.6;2.98023e-08,0.2;|244,793;0.6,0.8;2.98023e-08,0.2;|305,793;0.2,0.4;2.98023e-08,0.2;|366,793;0.2,0.4;2.98023e-08,0.2;|427,793;0.6,0.8;2.98023e-08,0.2;|488,793;0.4,0.6;2.98023e-08,0.2;|549,793;0.2,0.4;2.98023e-08,0.2;|610,793;0.2,0.4;2.98023e-08,0.2;|671,793;0.6,0.8;2.98023e-08,0.2;|732,793;0.4,0.6;2.98023e-08,0.2;|793,793;0.2,0.4;2.98023e-08,0.2;|854,793;0.6,0.8;2.98023e-08,0.2;|915,793;0.2,0.4;2.98023e-08,0.2;|976,793;