{
    "MaxEntityCount": 49,
    "EntityCount": 47,
    "CameraMinX": 0.0,
    "CameraMinY": 0.0,
    "CameraMaxX": 0.0,
    "CameraMaxY": 0.0,
    "CameraZoom": 0.7799999713897705,
    "Tileset": "",
    "StartPosX": 0.0,
    "StartPosY": 0.0,
    "Signature0": 32773,
    "Signature1": 8421381,
    "Signature2": 8388613,
    "Signature3": 8397015,
    "Signature4": 8462807,
    "Signature5": 8388613,
    "Signature6": 8396822,
    "Signature7": 8396822,
    "Signature8": 8396822,
    "Signature9": 8396822,
    "Signature10": 8396822,
    "Signature11": 8396822,
    "Signature12": 8396822,
    "Signature13": 8396822,
    "Signature14": 8396822,
    "Signature15": 8396822,
    "Signature16": 8396822,
    "Signature17": 8396822,
    "Signature18": 8397014,
    "Signature19": 8388613,
    "Signature20": 8388613,
    "Signature21": 8388613,
    "Signature22": 8388613,
    "Signature23": 8388613,
    "Signature24": 8396822,
    "Signature25": 8462903,
    "Signature26": 8397015,
    "Signature27": 8389636,
    "Signature28": 8388613,
    "Signature29": 8388613,
    "Signature30": 8388613,
    "Signature31": 8388613,
    "Signature32": 8388613,
    "Signature33": 8388613,
    "Signature34": 8388613,
    "Signature35": 8388613,
    "Signature36": 8388613,
    "Signature37": 8388613,
    "Signature38": 8388613,
    "Signature39": 8388613,
    "Signature40": 8388613,
    "Signature41": 8388613,
    "Signature42": 8390917,
    "Signature43": 8389636,
    "Signature44": 8389636,
    "Signature45": 8388869,
    "Signature46": 8397015,
    "Signature47": 261,
    "Signature48": 65541,
    "Entity0": "Name{Background}|Tag{}|Sprite{Resources\\Assets\\Background1.png;1;1;1;1;}||Transform{0;0;1600;900;0;-4}|||||||||||||Background{0.6;}|||||||||",
    "Entity1": "Name{MidGround}|Tag{}|Sprite{Resources\\Assets\\MidGround1.png;1;1;1;1;}||Transform{0;1.28542;3200;900;0;-2}|||||||||||||Background{1;}|||||||||",
    "Entity2": "Name{Foreground}|Tag{}|Sprite{Resources\\Assets\\Foreground1.png;1;1;1;1;}||Transform{0;0;1600;900;0;0}||||||||||||||||||||||",
    "Entity3": "Name{door}|Tag{}|Sprite{Resources\\Assets\\door.png;0.838235;0.838227;0.838227;1;}|Rigidbody{0;0;0;0;1;1;1;1;0.5;0.1;0.01;}|Transform{728.948;-275.375;300;400;0;-1}||BoxCollider{0;32;39;-228;AWAKE}||LogicComponent{1;0;2;0;2}|StatsComponent{0;2;0;0;0;;1;728.948;0;0;0;}||||||Collider{BOX;1;1;}|||||||||||",
    "Entity4": "Name{CrystalFlower}|Tag{}|Sprite{Resources\\Assets\\CrystalFlowerIdle.png;0.0637255;0.889939;1;1;}|Rigidbody{0;0;0;0;1;1;1;1;0.5;0.1;0.01;}|Transform{493.13;-321.604;120;120;1.7;-1}||BoxCollider{0;4;-7;-41;AWAKE}||LogicComponent{3;0;0;}|StatsComponent{0;0;0;0;1;;0;0;0;}|Animation{8;7;0.2;1;0;1;}|||||Collider{BOX;1;1;}|||Particle Emitter{-47;26;83;77;20;20;0;10;1;63;68;0.5;1;1;1;Resources/Assets/Light.png;0;}||||||||",
    "Entity5": "Name{BackColor}|Tag{}|Sprite{Resources\\Assets\\BackColor1.png;1;1;1;1;}||Transform{0;0;1600;900;0;-5}||||||||||||||||||||||",
    "Entity6": "Name{Collider1}|Tag{}||Rigidbody{0;0;0;0;1;1;1;1;0.5;0.1;0.01;}|Transform{-802;0;100;100;0;0}||BoxCollider{0;-22;0;38;AWAKE}|||||||||Collider{BOX;1;1;}|||||||||||",
    "Entity7": "Name{Collider2}|Tag{Ground}||Rigidbody{0;0;0;0;1;1;1;1;0.5;0.1;0.01;}|Transform{-75;-452;100;100;0;0}||BoxCollider{0;0;0;178;AWAKE}|||||||||Collider{BOX;1;1;}|||||||||||",
    "Entity8": "Name{Collider3}|Tag{}||Rigidbody{0;0;0;0;1;1;1;1;0.5;0.1;0.01;}|Transform{1038;0;100;100;0;0}||BoxCollider{0;0;0;0;AWAKE}|||||||||Collider{BOX;1;1;}|||||||||||",
    "Entity9": "Name{Collider4}|Tag{Ground}||Rigidbody{0;0;0;0;1;1;1;1;0.5;0.1;0.01;}|Transform{-484;-425;100;100;0;0}||BoxCollider{0;0;0;450;AWAKE}|||||||||Collider{BOX;1;1;}|||||||||||",
    "Entity10": "Name{Collider5}|Tag{Ground}||Rigidbody{0;0;0;0;1;1;1;1;0.5;0.1;0.01;}|Transform{627;-452;377;100;0;0}||BoxCollider{0;0;0;354;AWAKE}|||||||||Collider{BOX;1;1;}|||||||||||",
    "Entity11": "Name{Collider6}|Tag{Ground}||Rigidbody{0;0;0;0;1;1;1;1;0.5;0.1;0.01;}|Transform{25;-327;17;100;0;0}||BoxCollider{0;0;0;57;AWAKE}|||||||||Collider{BOX;1;1;}|||||||||||",
    "Entity12": "Name{Collider7}|Tag{Ground}||Rigidbody{0;0;0;0;1;1;1;1;0.5;0.1;0.01;}|Transform{166;-453;100;100;0;0}||BoxCollider{0;0;0;139;AWAKE}|||||||||Collider{BOX;1;1;}|||||||||||",
    "Entity13": "Name{Collider8}|Tag{Ground}||Rigidbody{0;0;0;0;1;1;1;1;0.5;0.1;0.01;}|Transform{-16;-394;100;100;0;0}||BoxCollider{0;0;0;57;AWAKE}|||||||||Collider{BOX;1;1;}|||||||||||",
    "Entity14": "Name{Collider9}|Tag{}||Rigidbody{0;0;0;0;1;1;1;1;0.5;0.1;0.01;}|Transform{756;188;100;100;0;0}||BoxCollider{0;0;0;417;AWAKE}|||||||||Collider{BOX;1;1;}|||||||||||",
    "Entity15": "Name{Collider10}|Tag{}||Rigidbody{0;0;0;0;1;1;1;1;0.5;0.1;0.01;}|Transform{-89;494;100;100;0;0}||BoxCollider{0;0;0;307;AWAKE}|||||||||Collider{BOX;1;1;}|||||||||||",
    "Entity16": "Name{Collider11}|Tag{}||Rigidbody{0;0;0;0;1;1;1;1;0.5;0.1;0.01;}|Transform{-520;511;100;100;0;0}||BoxCollider{0;0;0;428;AWAKE}|||||||||Collider{BOX;1;1;}|||||||||||",
    "Entity17": "Name{Collider12}|Tag{}||Rigidbody{0;0;0;0;1;1;1;1;0.5;0.1;0.01;}|Transform{67;278;100;100;0;0}||BoxCollider{0;0;0;69;AWAKE}|||||||||Collider{BOX;1;1;}|||||||||||",
    "Entity18": "Name{TriggerToNextLevel}|Tag{}||Rigidbody{0;0;0;0;1;1;1;1;0.5;0.1;0.01;}|Transform{890.701;-288;100;100;0;0}||BoxCollider{0;0;0;-43;AWAKE}||LogicComponent{4;0;0;}|StatsComponent{0;0;0;0;1;Level 9.json;0;0;0;}||||||Collider{BOX;1;1;}|||||||||||",
    "Entity19": "Name{Deco1}|Tag{}|Sprite{Resources\\Assets\\Stalagmite.png;1;0.999991;0.99999;1;}||Transform{-118;-328;150;205;0;-2}||||||||||||||||||||||",
    "Entity20": "Name{Deco2}|Tag{}|Sprite{Resources\\Assets\\Stalagmite2.png;0.248366;0.629762;0.666667;1;}||Transform{-754;-302;117;200;0;-2}||||||||||||||||||||||",
    "Entity21": "Name{Deco3}|Tag{}|Sprite{Resources\\Assets\\Stalagmite.png;0.99999;0.999999;1;1;}||Transform{-666;-296;227.04;286.38;0;-2}||||||||||||||||||||||",
    "Entity22": "Name{Deco4}|Tag{}|Sprite{Resources\\Assets\\Stalagmite2.png;0.248366;0.629762;0.666667;1;}||Transform{295;-380;217;200;0;-2}||||||||||||||||||||||",
    "Entity23": "Name{Deco5}|Tag{}|Sprite{Resources\\Assets\\Stalagmite2.png;0.248366;0.629762;0.666667;1;}||Transform{415;-101;141;165;3.1;-2}||||||||||||||||||||||",
    "Entity24": "Name{Collider13}|Tag{}||Rigidbody{0;0;0;0;1;1;1;1;0.5;0.1;0.01;}|Transform{301;225;100;100;0;0}||BoxCollider{0;0;0;312;AWAKE}|||||||||Collider{BOX;1;1;}|||||||||||",
    "Entity25": "Name{Player}|Tag{Player}|Sprite{Resources\\Assets\\ExaElaBall.png;1;1;1;1;}|Rigidbody{0;0;0;0;1;1;0;1;0.5;0.1;0.01;}|Transform{-598.99;472.524;60;60;0;-1}||BoxCollider{0;0;-2;-7;AWAKE}|PlayerController{0;0.2;3000;10;}||||Camera{0;0;1;0;0;}||||Collider{BOX;1;1;}|||Particle Emitter{0;0;0;0;20;20;0;0;1;0;0;1;0;1;1;Resources/Assets/Light.png;-2;}||||||||",
    "Entity26": "Name{LightSource}|Tag{}|Sprite{Resources\\Assets\\NaturalLight.png;1;1;1;0.670588;}|Rigidbody{0;0;0;0;1;1;1;1;0.5;0.1;0.01;}|Transform{-409.755;4.034;1000;881;0;-2}||BoxCollider{0;0;0;3;AWAKE}||LogicComponent{0;0;1;0}|StatsComponent{0;0;0;0;0;;0;0;0;}||||||Collider{BOX;1;1;}|||||||||||",
    "Entity27": "Name{WaterSFX}|Tag{}|||Transform{0;0;100;100;0;0}||||||||Audio{Resources/Sounds/[Water Ambience]WATER-CAVE_GEN-HDF-25449.ogg;1;0.8;1;0;}||||||||||||||",
    "Entity28": "Name{TallShroom1}|Tag{}|Sprite{Resources\\Assets\\Shroom2.png;0.250625;0.7163;0.730392;1;}||Transform{-676.887;-307.285;117.453;163.864;0;-2}||||||||||||||||||||||",
    "Entity29": "Name{TallShroom2}|Tag{}|Sprite{Resources\\Assets\\Shroom2.png;0;0.882353;1;1;}||Transform{-357.555;-354.098;68.8601;77.1388;0;10}||||||||||||||||||||||",
    "Entity30": "Name{Deco6}|Tag{}|Sprite{Resources\\Assets\\Stalagmite3.png;0.416667;1;0.434027;1;}||Transform{-265.919;-348.821;111.734;125.167;0;15}||||||||||||||||||||||",