{
    "MaxEntityCount": 1,
    "EntityCount": 1,
    "CameraMinX": 0.0,
    "CameraMinY": 0.0,
    "CameraMaxX": 0.0,
    "CameraMaxY": 0.0,
    "CameraZoom": 0.8600000143051148,
    "Tileset": "Resources\\Assets\\Tileset-Tutorial.png;-4148,1830;0.2,0.4,0.8,1;0;0.5,1,1,1;|Resources\\Assets\\Tileset-Tutorial.png;-3721,1525;0.2,0.4,0.8,1;0;0.5,1,1,1;|Resources\\Assets\\Tileset-Tutorial.png;-3660,1525;0.8,1,0.6,0.8;0;0.5,1,1,1;|Resources\\Assets\\Tileset-Tutorial.png;-3599,1525;0.8,1,0.6,0.8;0;0.5,1,1,1;|Resources\\Assets\\Tileset-Tutorial.png;-3538,1525;0.2,0.4,0.4,0.6;0;0.5,1,1,1;|Resources\\Assets\\Tileset-Tutorial.png;-3660,1464;0.2,0.4,0.4,0.6;0;0.5,1,1,1;|Resources\\Assets\\Tileset-Tutorial.png;-3599,1464;0.2,0.4,0.4,0.6;0;0.5,1,1,1;|Resources\\Assets\\Tileset-Tutorial.png;-3538,1464;0.2,0.4,0.4,0.6;0;0.5,1,1,1;|Resources\\Assets\\Tileset-Tutorial.png;-3477,1464;0.2,0.4,0.4,0.6;0;0.5,1,1,1;|Resources\\Assets\\Tileset-Tutorial.png;-3416,1464;0.2,0.4,0.4,0.6;0;0.5,1,1,1;|Resources\\Assets\\Tileset-Tutorial.png;-3721,1159;0,0.2,0.8,1;0;0.5,1,1,1;|Resources\\Assets\\Tileset-Tutorial.png;-3660,1159;0,0.2,0.8,1;0;0.5,1,1,1;|Resources\\Assets\\Tileset-Tutorial.png;-3355,1159;0,0.2,0.8,1;0;0.5,1,1,1;|Resources\\Assets\\Tileset-Tutorial.png;-3233,1159;0,0.2,0.8,1;0;0.5,1,1,1;|Resources\\Assets\\Tileset-Tutorial.png;-3172,1159;0,0.2,0.8,1;0;0.5,1,1,1;|Resources\\Assets\\Tileset-Tutorial.png;-3111,1159;0,0.2,0.8,1;0;0.5,1,1,1;|Resources\\Assets\\Tileset-Tutorial.png;-3050,1159;0.4,0.6,0.6,0.8;0;0.5,1,1,1;|Resources\\Assets\\Tileset-Tutorial.png;-3904,1098;0,0.2,2.98023e-08,0.2;0;0.5,1,1,1;|Resources\\Assets\\Tileset-Tutorial.png;-2684,1037;0,0.2,2.98023e-08,0.2;0;0.5,1,1,1;|Resources\\Assets\\Tileset-Tutorial.png;-2989,976;0,0.2,2.98023e-08,0.2;0;0.5,1,1,1;|Resources\\Assets\\Tileset-Tutorial.png;-2562,915;0,0.2,2.98023e-08,0.2;0;0.5,1,1,1;|Resources\\Assets\\Tileset-Tutorial.png;-1952,793;0,0.2,2.98023e-08,0.2;0;0.5,1,1,1;|Resources\\Assets\\Tileset-Tutorial.png;-427,671;0,0.2,2.98023e-08,0.2;0;0.5,1,1,1;|",
    "StartPosX": 0,
    "StartPosY": 0,
    "Signature0": 5,
    "Entity0": "Name{Tutorial Guide}|Tag{}|Sprite{Resources\\Assets\\Tutorial_Level.png;1;1;1;1;}||Transform{-1;-19;7680;3240;0;0}|||||||||||||||||||||",
    "EntityParent0": 65535
}