{
    "MaxEntityCount": 9,
    "EntityCount": 6,
    "CameraMinX": -3270.0,
    "CameraMinY": -869.0,
    "CameraMaxX": 2357.0,
    "CameraMaxY": 1080.0,
    "CameraZoom": 0.8600000143051148,
    "Signature0": 8214,
    "Signature1": 8214,
    "Signature2": 8214,
    "Signature3": 8214,
    "Signature4": 8255,
    "Signature5": 8207,
    "Signature6": 8215,
    "Signature7": 8215,
    "Signature8": 8207,
    "Entity0": "Name{Game Object 0}|Tag{}||Rigidbody{0;0;0;0;1;1;1;1;0.5;0.1;0.01;}|Transform{524.568;-12.786;99;556.287;0;0}||BoxCollider{0;0;0;0;155;AWAKE}|||||||||Collider{BOX;00000000000000000000000000000001;00000000000000000000000000000001;}|||||",
    "Entity1": "Name{Game Object 1}|Tag{}||Rigidbody{0;0;0;0;1;1;1;1;0.5;0.1;0.01;}|Transform{-85.6866;-353.143;1312.24;100;0;0}||BoxCollider{0;0;0;0;0;AWAKE}|||||||||Collider{BOX;00000000000000000000000000000001;00000000000000000000000000000001;}|||||",
    "Entity2": "Name{Game Object 2}|Tag{}||Rigidbody{0;0;0;0;1;1;1;1;0.5;0.1;0.01;}|Transform{-29.8252;317.527;1262.68;100;0;0}||BoxCollider{0;0;0;0;0;AWAKE}|||||||||Collider{BOX;00000000000000000000000000000001;00000000000000000000000000000001;}|||||",
    "Entity3": "Name{Game Object 3}|Tag{}||Rigidbody{0;0;0;0;1;1;1;1;0.5;0.1;0.01;}|Transform{-720.453;-17.6612;118.59;767.04;0;0}||BoxCollider{0;0;0;0;0;AWAKE}|||||||||Collider{BOX;00000000000000000000000000000001;00000000000000000000000000000001;}|||||",
    "Entity4": "Name{Game Object 4}|Tag{}|Sprite{Resources/Assets/DefaultSprite.png;1;1;1;1}|Rigidbody{0;0;0;0;1;1;0;1;0.5;0.1;0.01;}|Transform{9.9397;-2.10605;100;100;0;0}|BoundingCircle{149;0;0;0;0}|BoxCollider{0;0;0;46;52;AWAKE}|PlayerController{1;0.1;5000;}||||||||Collider{BOX;00000000000000000000000000000001;00000000000000000000000000000001;}|||||",
    "Entity5": "Name{Game Object 5}|Tag{}|Sprite{Resources/Assets/DefaultSprite.png;1;1;1;1}|Rigidbody{0;0;0;0;1;1;0;1;0.5;0.1;0.01;}|Transform{-331.787;70.2998;100;100;0;0}|BoundingCircle{117;0;0;0;0}||||||||||Collider{CIRCLE;00000000000000000000000000000001;00000000000000000000000000000001;}|||||",
    "Entity6": "Name{Game Object 6}|Tag{}|Sprite{Resources/Assets/DefaultSprite.png;1;1;1;1}|Rigidbody{0;0;0;0;1;1;0;1;0.5;0.1;0.01;}|Transform{261.433;702.803;100;100;0;0}||BoxCollider{0;0;0;0;0;AWAKE}|||||||||Collider{BOX;00000000000000000000000000000001;00000000000000000000000000000001;}|||||",
    "Entity7": "Name{Game Object 7}|Tag{}|Sprite{Resources/Assets/DefaultSprite.png;1;1;1;1}|Rigidbody{0;0;0;0;1;1;0;1;0.5;0.1;0.01;}|Transform{-150.523;662.412;100;100;0;0}||BoxCollider{0;0;0;0;0;AWAKE}|||||||||Collider{BOX;00000000000000000000000000000001;00000000000000000000000000000001;}|||||",
    "Entity8": "Name{Game Object 8}|Tag{}|Sprite{Resources/Assets/DefaultSprite.png;1;1;1;1}|Rigidbody{0;0;0;0;1;1;0;1;0.5;0.1;0.01;}|Transform{430.522;495.507;100;100;0;0}|BoundingCircle{83.5;0;0;0;0}||||||||||Collider{CIRCLE;00000000000000000000000000000001;00000000000000000000000000000001;}|||||",
    "EntityParent0": -1,
    "EntityParent1": -1,
    "EntityParent2": -1,
    "EntityParent3": -1,
    "EntityParent4": -1,
    "EntityParent5": -1,
    "EntityParent6": -1,
    "EntityParent7": -1,
    "EntityParent8": -1
}