{
    "MaxEntityCount": 1,
    "EntityCount": 1,
    "CameraMinX": 0.0,
    "CameraMinY": 0.0,
    "CameraMaxX": 0.0,
    "CameraMaxY": 0.0,
    "CameraZoom": 0.8600000143051148,
    "Tileset": "Resources\\Assets\\Tileset-Tutorial.png;-4148,1830;0.2,0.4,0.8,1;0;0.5,1,1,1;|Resources\\Assets\\Tileset-Tutorial.png;-3050,1159;0.4,0.6,0.6,0.8;0;0.5,1,1,1;|Resources\\Assets\\Tileset-Tutorial.png;-3904,1098;0,0.2,2.98023e-08,0.2;0;0.5,1,1,1;|Resources\\Assets\\Tileset-Tutorial.png;-2684,1037;0,0.2,2.98023e-08,0.2;0;0.5,1,1,1;|Resources\\Assets\\Tileset-Tutorial.png;-2989,976;0,0.2,2.98023e-08,0.2;0;0.5,1,1,1;|Resources\\Assets\\Tileset-Tutorial.png;-2562,915;0,0.2,2.98023e-08,0.2;0;0.5,1,1,1;|Resources\\Assets\\Tileset-Tutorial.png;-1952,793;0,0.2,2.98023e-08,0.2;0;0.5,1,1,1;|Resources\\Assets\\Tileset-Tutorial.png;-427,671;0,0.2,2.98023e-08,0.2;0;0.5,1,1,1;|Resources\\Assets\\Tileset-Tutorial.png;-3660,732;0.8,1,0.2,0.4;0;1,0.8,0.1,0.1;|Resources\\Assets\\Tileset-Tutorial.png;-3233,915;0,0.2,0.8,1;0;0.5,1,1,1;|Resources\\Assets\\Tileset-Tutorial.png;-2989,1037;0,0.2,0.8,1;0;0.5,1,1,1;|Resources\\Assets\\Tileset-Tutorial.png;-3660,1037;0.8,1,0.4,0.6;0;1,0.8,0.1,0.1;|Resources\\Assets\\Tileset-Tutorial.png;-3660,915;0.8,1,0.4,0.6;0;1,0.8,0.1,0.1;|Resources\\Assets\\Tileset-Tutorial.png;-3660,854;0.8,1,0.4,0.6;0;1,0.8,0.1,0.1;|Resources\\Assets\\Tileset-Tutorial.png;-3660,793;0.8,1,0.4,0.6;0;1,0.8,0.1,0.1;|Resources\\Assets\\Tileset-Tutorial.png;-3660,671;0.8,1,0.2,0.4;1;1,0.8,0.1,0.1;|Resources\\Assets\\Tileset-Tutorial.png;-3660,1281;0.8,1,0.4,0.6;1;1,0.8,0.1,0.1;|Resources\\Assets\\Tileset-Tutorial.png;-3660,1220;0.8,1,0.4,0.6;1;1,0.8,0.1,0.1;|Resources\\Assets\\Tileset-Tutorial.png;-3660,1159;0.8,1,0.4,0.6;1;1,0.8,0.1,0.1;|Resources\\Assets\\Tileset-Tutorial.png;-3660,1098;0.8,1,0.4,0.6;1;1,0.8,0.1,0.1;|Resources\\Assets\\Tileset-Tutorial.png;-3660,976;0.8,1,0.4,0.6;1;1,0.8,0.1,0.1;|Resources\\Assets\\Tileset-Tutorial.png;-3660,1525;0.8,1,0.4,0.6;1;1,0.8,0.1,0.1;|Resources\\Assets\\Tileset-Tutorial.png;-3660,1464;0.8,1,0.4,0.6;1;1,0.8,0.1,0.1;|Resources\\Assets\\Tileset-Tutorial.png;-3660,1403;0.8,1,0.4,0.6;1;1,0.8,0.1,0.1;|Resources\\Assets\\Tileset-Tutorial.png;-3660,1342;0.8,1,0.4,0.6;1;1,0.8,0.1,0.1;|Resources\\Assets\\Tileset-Tutorial.png;-3660,1586;0.8,1,0.4,0.6;1;1,0.8,0.1,0.1;|Resources\\Assets\\Tileset-Tutorial.png;-3660,610;0.2,0.4,0.2,0.4;1;1,0.8,0.1,0.1;|Resources\\Assets\\Tileset-Tutorial.png;-3599,610;0.4,0.6,0.8,1;1;1,0.8,0.1,0.1;|Resources\\Assets\\Tileset-Tutorial.png;-3538,610;0.2,0.4,0.8,1;1;1,0.8,0.1,0.1;|Resources\\Assets\\Tileset-Tutorial.png;-3477,610;0.4,0.6,0.8,1;1;1,0.8,0.1,0.1;|Resources\\Assets\\Tileset-Tutorial.png;-3416,610;0.2,0.4,0.8,1;1;1,0.8,0.1,0.1;|Resources\\Assets\\Tileset-Tutorial.png;-3355,610;0.4,0.6,0.8,1;1;1,0.8,0.1,0.1;|Resources\\Assets\\Tileset-Tutorial.png;-3294,610;0.2,0.4,0.8,1;1;1,0.8,0.1,0.1;|Resources\\Assets\\Tileset-Tutorial.png;-3233,610;0.2,0.4,0.8,1;1;1,0.8,0.1,0.1;|Resources\\Assets\\Tileset-Tutorial.png;-3172,610;0.2,0.4,0.8,1;1;1,0.8,0.1,0.1;|Resources\\Assets\\Tileset-Tutorial.png;-3111,610;0.2,0.4,0.8,1;1;1,0.8,0.1,0.1;|Resources\\Assets\\Tileset-Tutorial.png;-3050,610;0.2,0.4,0.8,1;1;1,0.8,0.1,0.1;|Resources\\Assets\\Tileset-Tutorial.png;-2989,610;0.2,0.4,0.8,1;1;1,0.8,0.1,0.1;|Resources\\Assets\\Tileset-Tutorial.png;-2928,610;0.2,0.4,0.8,1;1;1,0.8,0.1,0.1;|Resources\\Assets\\Tileset-Tutorial.png;-2867,610;0.6,0.8,0.2,0.4;1;1,0.8,0.1,0.1;|Resources\\Assets\\Tileset-Tutorial.png;-2806,671;0,0.2,0.8,1;1;1,0.8,0.1,0.1;|Resources\\Assets\\Tileset-Tutorial.png;-2867,671;0,0.2,0.8,1;1;1,0.8,0.1,0.1;|",
    "StartPosX": 0,
    "StartPosY": 0,
    "Signature0": 5,
    "Entity0": "Name{Tutorial Guide}|Tag{}|Sprite{Resources\\Assets\\GuideTutorial_Level_WithGrid.png;1;1;1;1;}||Transform{-28;-7;7680;3240;0;0}|||||||||||||||||||||",
    "EntityParent0": 65535
}